block_time,tribute,paidAmount,amountBought,tx_hash,action,price_per_token,diff
2023-04-17T22:30:50+00:00,80,3920,5765.128388643587,\xa571596c78d7cc6a693db839f2c844875db15e454db5a778b705e6de46bf2f35,Buy,0.6938266991381116,0.012000493273831448
2023-04-16T16:32:50+00:00,100,4900,7293.941380278234,\xf87f28c818a94fdfbe25136d2e5484cc68afa725584861e917a0d6dc4dc407f1,Buy,0.6855004365019,0.01436359183482361
2023-04-15T17:05:25+00:00,80,3920,5920.188272149046,\xba4f1221ba3071723200c170c4aca022d8470b0dc29c8283447ae975f4a981bd,Buy,0.6756541880293933,0.012122242242859457
2023-04-14T22:06:50+00:00,80,3920,5992.8348681421185,\xd95a349429bc6efb701dfd501d4d03ffc018e73ccd898b76641d621a6b1d5a0f,Buy,0.6674637442896985,0.013574849222377002
2023-04-14T22:04:30+00:00,80.6,3949.4,6120.871031008744,\xdcd3152d94c7bcd86b691f3008a7a5d29ac2042e0880df752e40c09b1366a5e0,Buy,0.6584030245995626,0.010333075692356326
2023-04-14T18:21:15+00:00,40,1960,3069.3691407854462,\x49e0532fb8a92577b11aa5420eaeba31f17829ef9de81097408805af6c4457cc,Buy,0.651599696310299,-0.3505309251211534
2023-03-20T02:53:45+00:00,3.1,151.9,176.13525465144951,\x46ef07c1465da9e0798d8cad52b365d5fd09508042b2c31c4a2ee49d8324ddd0,Buy,0.8800055406666107,-0.05324529675507236
2023-02-27T20:53:20+00:00,0.1,4.9,5.394548093987406,\x990d2998fcdcabae0c89ce08060ddc2ec5a3199f6fa3fe82b4399b75ec2c29ef,Buy,0.9268616968255123,-0.10118060563256744
2023-01-20T12:12:20+00:00,0.2,9.8,9.797753549952027,\x1dc506068d69962d69336f35ffa9625a2800842c953192adf2a34c94d586b667,Buy,1.0206421246479467,-0.010610911668763942
2023-01-13T09:29:05+00:00,0.11,5.39,5.332185107298572,\x6e6edde2b4fb56247362b5d27eaad1a0b9abe1438b40b2b87b3afb5d99df8924,Buy,1.0314720680780056,-0.04167375461204528
2022-12-28T20:25:20+00:00,0.3,14.7,13.960535105659114,\xffb3b0573bb324911a9981034b8c0fd45bbf950672da04ab45c1ad59e6c02647,Buy,1.0744573819322674,-0.027647164680249227
2022-12-19T17:46:00+00:00,0.76,37.24,34.41520606475931,\x4e6bdbbb97c9358b2df4e94121fdd5cc7e4216eefcc319e0a6a1880cd15878b4,Buy,1.1041630821124582,-0.018161753801132854
2022-12-14T21:09:45+00:00,0.2,9.8,8.895082869814416,\xda1ebd7371aa5e13cc71996bd1e50a98507bc5663603b30a8c6b9640b921c913,Buy,1.1242166201660846,-0.05297277936306632
2022-11-29T23:05:25+00:00,0.02,0.98,0.8447590520996157,\xb774fa0cabeba400726a5458ffcf48efd9075ba5f638287588827a5c5f939c44,Buy,1.1837694991424348,-0.0001302302905466505
2022-11-29T14:16:10+00:00,42,2058,1773.7630117368135,\x1f31b9de3d37fe701231c1bfc51494f3eecd2847df77398e2c1c4adfa80cf476,Buy,1.1839236617882485,-0.005203148264094978
2022-11-24T20:04:20+00:00,0.04,1.96,1.6805539351257452,\x7c6f4ef65ca32f3012250f95236a41733a68695817fbf8e49bac586eb8cd5433,Buy,1.190083792133903,-0.021598827414037732
2022-11-21T21:04:10+00:00,0.02,0.98,0.8225116797460084,\x1335cd55f0f5b2efcef65f19eaa2d5f1c16b9b75dd8c202f4c3fbfebffb1a849,Buy,1.2157882065684467,-0.12499309156050344
2022-10-17T19:03:20+00:00,0.08,3.92,2.924503931326667,\x5504b80a988932c945a77a17ad6ddd0d2afdb6f52dbfc891f6a4e38dc8ee6321,Buy,1.3677533331902367,-0.024446820089082253
2022-10-07T17:31:40+00:00,0.1,4.9,3.5683940273644006,\x8cafee186932d3abcfe50355d7f7e32959f4898df86e9fb86cc7f2f460e0c3e6,Buy,1.401190552852981,-0.008880119082458235
2022-10-04T23:22:15+00:00,0.02827268,1.38536132,1.0000005009647643,\xbf3957d153c4bb9221002314bc00e099b18ecba0bc6e4793099e0f8035063110,Buy,1.413633291819531,-0.0005308270851693002
2022-10-04T17:37:30+00:00,0.24,11.76,8.48426075129808,\xcf0e30e7efc0de45337d5d66ada5aec856340d41601fca68c1ab1b94c8ccfae2,Buy,1.4143836866593258,-0.03447418417964457
2022-09-20T15:05:50+00:00,0.02,0.98,0.6834600032435997,\x912ceefbc12bf1edb7eca7b08df5d7f7356abcf5b6f7a2c44a005fee790f5839,Buy,1.463143410373904,-0.0076103761396112656
2022-09-19T00:36:35+00:00,0.004,0.196,0.13565958021633187,\xd52da0ebf5dc3661ffd16bea3a6d23f5d3a656dd84a9e7fe878bd163cda49489,Buy,1.4742784820730432,0.007315375793348112
2022-09-16T16:28:35+00:00,400.01,19600.49,13666.271079222002,\x223f89cddd3bec47d756f3e56e8592f2d49dc008a14c283ee9723e29b3a7cf55,Buy,1.463493580952632,0.011958740539758105
2022-09-14T22:05:30+00:00,40,1960,1383.1334774877523,\xe27a31ecd60fe26bdb9db25e1558dd8fa4aac64a3c479b431d0a43e9c8d8e2d9,Buy,1.445992040936418,-0.04464035044867104
2022-08-21T10:00:25+00:00,0.00044,0.02156,0.014564312249503563,\x6284e6487c4970eef44e50190a741a5c501714b49b649bbcbf8916a876f17a69,Buy,1.5105416323898089,-0.038188393933428676
2022-08-05T19:51:15+00:00,40,960,637.6628721989961,\xea263e8ea4ffb74919c6be6e497020f3a81dd09981bed6a4e8a99b0bbddcfe74,Buy,1.5682267913003551,0.0012277017158265429
2022-08-05T19:49:30+00:00,44,1056,702.2913637311585,\x26fd8e44225d8f0cda9cc3baebaef7521394e6dbde6fb730fdbfaf4d7efdcc22,Buy,1.5663014765778707,-0.007186105466903893
2022-07-25T17:32:45+00:00,0.28,6.72,4.437240382735033,\xc160594ca6ef92c2fbac3c3eb800310407d419c3434c2551531d8a5b4399a729,Buy,1.5775570841815265,-0.0009452879734319204
2022-07-12T19:34:10+00:00,40,960,633.2928391433592,\x2d7f9bf41ae9484c00786c89fff210595dd94151d22045ac1a4ec2de9c6a419c,Buy,1.5790483299206055,-0.004220514211292244
2022-07-07T22:02:10+00:00,4,96,63.06312509864857,\x1ecb71d97aac6e49902d91f8b4d6811d0ec2cf3ca3165ada517504ba32d05a1b,Buy,1.585712725837353,8.647353721317406e-05
2022-07-03T17:51:50+00:00,2,48,31.53428943087488,\x94d4824079fd23d1836cd888f6f6f933d74f157d94d31d17ddcba269d8e2a48c,Buy,1.5855756036489457,-0.0021431430678519442
2022-06-26T00:36:30+00:00,14.11972,338.87328,222.1515659927864,\x4749171eb1999874abd1efc54fd568a0febf066e4e0ee021131c09e4695dc4c6,Buy,1.588973719012461,-0.029538186783405775
2022-06-14T18:13:10+00:00,3.40458,53.33842,34.6859121045348,\x2104fdd60aa923db522f6a507777a980a9dbfbe4db2aac883432ee03261bb05a,Buy,1.6359091215185741,-0.00023714546411458015
2022-06-14T12:47:05+00:00,0.9,14.1,9.167039577043875,\x3de0e5c74f2268b29d94bdefd65ac52fb655dfaaf00436121577fd52cb6fb858,Buy,1.6362970699464459,-0.13568564650040738
2022-05-28T10:36:55+00:00,23.02624,264.80176,154.88620907918573,\x9595f60a34868edf9a4258ef141948eb622134fa39aea71fb6fc2c1325016f19,Buy,1.8583190957488518,-0.004738382792705821
2022-05-26T18:21:25+00:00,59.2,680.8,396.3313592072125,\xf0e26b11a1069004e71d25e34db91fbca599bebffcbad7aa6f25d53fff2ee87b,Buy,1.8671245229755047,-1.1788650364316791e-05
2022-05-25T20:01:40+00:00,28.43568,327.01032,190.3685616288391,\xaec724147aa22e1a85f54c8f78df85b30a05b0adf331794ea250407f885c30c6,Buy,1.8671465338536928,-0.021863153973053644
2022-05-19T22:43:05+00:00,126,1134,660.3883490370341,\xff6671cf8689cceed9afecfb5675ddf12aeef2da378527da08ba96e9c86f457d,Buy,1.9079682460135894,0.0005730953201666187
2022-05-18T01:51:15+00:00,1.189,10.701,6.2353333372205855,\x7d287621699ca5dcd9a98645444410df401c61fcbe6e204c4e29becee13aaf3d,Buy,1.9068747983407726,-0.34969971332759225
2022-05-10T19:47:05+00:00,180.12,1320.88,583.2051596329107,\x44bdb69865630c13d790361a81b6e1f83f60afc72efb4a7750cdd66464665097,Buy,2.573708368672151,-0.00022175783661431732
2022-05-09T15:16:15+00:00,1.2,8.8,3.8845826648371777,\xc9921fb4991a8e0581ee39d845cd2c6a6c42be91eea3d91899d7997e68ebab4b,Buy,2.574279108672064,-0.005722184328916648
2022-05-05T18:48:10+00:00,1.44,10.56,4.6349770050215895,\xf711cc182733cf2a156506e2aa01858965b42b96e2b1fed9d7ce7d1c3226f154,Buy,2.5890096082459646,-0.001369150980706958
2022-05-05T17:26:10+00:00,54,396,173.57398869146746,\x188f9ae15a74a15858dc80040d674205eda687ab399f58e7a0d6270fb722e192,Buy,2.5925543532901543,0.00014835130925475152
2022-05-05T11:50:55+00:00,1.8,13.2,5.786658081351494,\x8a4b7cd78a04527e434bf40766490ad6366ce685dbdb3a7a47cbdd4582cdc3f8,Buy,2.5921697444575296,6.860964122375354e-05
2022-05-03T23:45:40+00:00,24,176,77.16073505503527,\xb1848f29bfe37aed06052a22109a68c18dccb454a32828a208c4797b87d7c74e,Buy,2.591991896621371,-0.005825488386275266
2022-05-02T21:15:20+00:00,1.14,8.36,3.6439073750203317,\x51b39df6a79528ffce36cca474484a53d30e19b11cf23b53b4f0325b9aed3a22,Buy,2.6070915153124585,6.019747474004217e-06
2022-05-02T21:12:45+00:00,1.14,8.36,3.6439293105545945,\x971b1776ffea06a3eb25d2523ede663698ed290063aaaf5f8f8dd31362059f31,Buy,2.607075821279895,-0.026964718953480914
2022-04-21T15:54:35+00:00,56.364,346.236,150.37117207259686,\x896814a49b16b57bc2dea34fb64b73441b09b688a168457a2ac295997359a96c,Buy,2.677374888091123,-0.0003246419611938998
2022-04-12T16:30:20+00:00,34.3,210.7,91.4778463119471,\x45797f4b5f5feec87d7c88e8f12f93c141f5c79d6e3a9ccbbdc2481e9aa77b82,Buy,2.678244076325644,0.0006919096250654729
2022-04-12T14:15:25+00:00,280,1720,747.2749758254635,\x11cf86de733d76bcb3745c81c973ee1fc33bec052027f00d409d2a3e9b6c2587,Buy,2.6763909734709594,0.0006672425525861523
2022-04-10T19:55:45+00:00,22.96,141.04,61.31746163730899,\x0d146f950b88ae30871844249eca28489031274576c833191851ae277c1e6e42,Buy,2.6746051715261023,0.00022902414962317063
2022-04-10T07:33:55+00:00,80.92,497.08,216.1561685580837,\xd5112bc95c39a3708fc3f78aca4b94c1cb4b72cb748881c3f49ce76248f8371e,Buy,2.6739926223511157,0.0003868457176099764
2022-04-07T01:06:30+00:00,94.49706,580.48194,252.52134510055376,\x04e2dfa6b011757325d3e3cd9a909cab1cb161b74a9df1a3e40d057bf94a2994,Buy,2.6729581997562386,0.0010097361065030627
2022-04-07T01:02:35+00:00,363.02,2229.98,971.0667725257692,\x25313634b3b4ee5b27155d744de72147903565132f7c7652460e4c6a324141c0,Buy,2.6702592173507713,-0.025677534779412488
2022-03-30T20:33:25+00:00,88,462,200.81605134824505,\x1e58e515a00aac9272f3a64a6580dcd1a745e4ef2cb08cfc995ff3460aa21e24,Buy,2.7388248912743425,0.00016741136793214405
2022-03-29T15:13:40+00:00,0.88,4.62,2.008496758672307,\xf0abdd4db674edb34a98bf78b461d47b98ae1e101d13fbacc81a820b96d1cdda,Buy,2.7383663808527676,1.673036197906048e-05
2022-03-27T16:40:15+00:00,8,42,18.259366928293737,\x59a4987989105e3cae00358bebf876ba0b41f42d43b66f43cc6f9c3c057ed0cb,Buy,2.738320566991985,-0.02436954185076609
2022-03-24T15:31:50+00:00,3.1419,14.3131,6.222700631210276,\x0f44088471d303d3cb035cc725a6447bc7abb5ec3d84726ad3483a171d52a728,Buy,2.8050521846501093,6.019535279557121e-06
2022-03-17T21:47:20+00:00,0.54,2.46,1.069505257382138,\xbc66efb0ba91f5343865ad9d20a52434b930ea68b95f4340e2f910168cbbefeb,Buy,2.8050352995395227,3.82570080499933e-06
2022-03-16T16:41:20+00:00,1.8,8.2,3.565031163349718,\xd338a098b4bd2bd9aa1964f511192f4e1a52c35afed33137c8405bd11799e65a,Buy,2.8050245683137196,0.0004162011731058498
2022-03-15T02:09:55+00:00,253.72692,1155.86708,502.7338922027731,\xc1d12fb256dd7c24f85f00345a3724629bf25cfbaa44bda4c54a4dd82dd43bd3,Buy,2.8038571137977963,0.0006034732884768623
2022-03-15T00:35:40+00:00,115.2,524.8,228.39482545998004,\xc813f8502b1df86ebf833684d315ee31f7d58cb3607ca3f7febdbaece5e030ab,Buy,2.8021650609249136,0.00023277575029363279
2022-03-10T20:36:45+00:00,27,123,53.5425006129356,\x06764e2686812a601b8c32c16d151b1038c7cb03cb97ebaa7179bf8287e40d5d,Buy,2.80151278485041,4.568513679827188e-05
2022-03-10T20:35:00+00:00,0.9,4.1,1.7848315607051992,\x2f2af11fc6a7fb1ca35ee687a137b6b3b5157134e7806f98b6bb99e833cda527,Buy,2.8013847973555923,0.0002619573482281775
2022-03-10T19:43:35+00:00,159.04638,724.54462,315.4948669097288,\x51e8e6ba1b5fcc208ba1f9ea0bcd3e966975900b13163e56da250a8cadc890f5,Buy,2.8006509540227102,0.0002752617304903711
2022-03-09T19:05:20+00:00,9,41,17.857907928219845,\xcbc54ddbf40969b1e8735f35d637006eff04ba34d72ef4dd5bad6cff94027855,Buy,2.7998800419946064,-0.02478133988940311
2022-03-02T19:23:20+00:00,138,552,240.47971973809572,\xad7110448d1afbcc77a4a315e3a586ffd5c2c5f560b555f0d973eeefcbc495b4,Buy,2.869264820964831,0.00019839394590842542
2022-02-28T19:26:35+00:00,0.2,0.8,0.3485904911968166,\x134d2588950e4e82b6230fcd26a97df578cae6a6dcca3bf24e4b79a7a1a30b4d,Buy,2.868695576195144,-0.025619845471046697
2022-02-25T13:08:30+00:00,18.04,63.96,27.870385313196344,\x6cab2f14f5f36950da6f000e3aa76a1fdc2be00d5ca00f8f2c5a3d5e9c5d5edc,Buy,2.9421911135607384,-0.0006663500852224387
2022-02-23T17:20:50+00:00,132,468,203.79385058343988,\x86b4e5ab66af0a13aa1f421a38884c4a2e04b1286b00151a768f32d074af2cbf,Buy,2.9441516428600005,0.00016912850593719662
2022-02-22T17:17:50+00:00,0.66,2.34,1.0191416188165283,\xc8f3f696e3ff0bb8a64561e07f2bce8324822020caeabc81ef7631749b89dbe9,Buy,2.943653702891391,2.8896981381774886e-05
2022-02-21T02:09:25+00:00,22,78,33.97236899279856,\x16ce26979e4f35218448b1a45de9a12a268397006f666f6b03fb76ab9386c172,Buy,2.943568640185144,3.201533260035429e-05
2022-02-17T17:58:25+00:00,4.4,15.6,6.79469133286265,\x0b8a4f0f4e94ac64d6e994d731a2991bb80f2303eca6cbf90730083aff789fed,Buy,2.9434744008560965,0.00012205514952635871
2022-02-17T09:31:30+00:00,91.3,323.7,141.00705579417922,\xe5e2bb4524732ff4dc711b85fe7b8021417776f72ebc452fc940cbadd20593b6,Buy,2.943115134647973,0.00013188545134301287
2022-02-16T03:35:00+00:00,12.1,42.9,18.69014705168405,\x6a49f97b0fde45b77bea2ad73d3361d9f1a5c9e83ba12c27b665fa813f2d8121,Buy,2.9427269805800855,9.262085397347054e-05
2022-02-14T01:00:20+00:00,60.5,214.5,93.45939154707719,\xb0faee62b85d383e26c5d27dc8136ff4abcf86c89eb736d1a58a115b277eea12,Buy,2.9424544226941336,0.001425441852194186
2022-02-12T14:01:00+00:00,1056,3744,1633.6198279860057,\xf701c48f275e33acc411b92442fc9981d78d5a2e50ef058d48304634d31b1d90,Buy,2.938260125011851,0.001377392333426189
2022-02-09T19:12:45+00:00,22,78,34.08068889597832,\x7eb968d5479bb10dc5958f98a5cb785c1e54ac088362dbe413cfbd85624a280a,Buy,2.934212988042048,3.295588977933263e-05
2022-02-09T03:54:20+00:00,3.74,13.26,5.79390805571159,\xfb9a4d68c7949b1119661692bfedc4c1ca5ea68ba36350130776ec0cc93a950d,Buy,2.934116288442225,1.8873150033736432e-05
2022-02-08T23:49:45+00:00,11,39,17.041227667857093,\x478aea47f1d9719377cd527c021bacbb8b71b5ef6f77f518a2ec3a87076f57b0,Buy,2.934060912425297,0.00015353324336015106
2022-02-08T08:29:55+00:00,108.9,386.1,168.73406019931295,\xf772eea602badeefcad85befc2e085c2e6cda3c2aa0a95011ebde91c2f9d70ff,Buy,2.933610436537196,0.00015487814159514398
2022-02-06T15:38:40+00:00,12.0384,42.6816,18.655672737957,\x21dfac958743ed41a8654c67c8751a83e6a4956f5e525a978152b4619e199e0e,Buy,2.933156084404621,1.7392780441227454e-05
2022-02-06T14:37:25+00:00,1.54,5.46,2.386549351669292,\xfc773ca167794ab2ce838297cba47ace6a143cb699e1dcfa2699f99e9d005f88,Buy,2.933105068664845,3.3817002357215567e-06
2022-02-06T11:49:25+00:00,1.1,3.9,1.7046838730650637,\x2ccc6a93d9a6bc26641c251435344b9db3df8dc5a5aca38d23d1f86e063860e0,Buy,2.933095149782743,1.409328725564057e-06
2022-02-06T11:14:20+00:00,0.00022,0.00078,0.00034093725510568,\x95c0e4c29c7df16d95adeb767cf6bca25f4e143ef34af916dad65a95474eadac,Buy,2.9330910160874937,4.227440392128866e-06
2022-02-06T01:21:30+00:00,3.3,11.7,5.114080446055446,\x312e5d99f911119a588a72381dbf513c5d623a78030e80aac9f8dc474bb25e41,Buy,2.9330786166200586,1.2327315551795747e-05
2022-02-05T08:38:35+00:00,6.32346,22.41954,9.79972175499384,\x24933fd80d80792fa53f58b05f541f5d99a44f5f9bf195e6f12a004c5b16a435,Buy,2.933042459634413,9.63210676486128e-05
2022-02-05T08:32:40+00:00,68.8666,244.1634,106.7356366628666,\xb949a17752a85fc6efe37bec15868eb69801d9bed92c31dee76aefcc03603313,Buy,2.9327599458532423,-0.002887845602399711
2022-02-05T01:03:20+00:00,2.2,7.8,3.3999389259438617,\xc7e9d530c3f21f58feb310e229a2459e31f1c9f08bffe9d3168345d8cc760940,Buy,2.941229303765769,0.00065052294786516
2022-02-04T17:43:20+00:00,550,1950,850.5380259899038,\xc1ea145e5b6e5d23d98a96da69e3bcae0e0d685ef102a6d8672c8f08e30e7d2f,Buy,2.939315966608736,0.0007028217547566221
2022-02-04T12:20:55+00:00,0.22,0.78,0.3404544892174881,\x1499d9fed0cec58c3215144bda05ebb48b50da62d166903ab1e38c2a0e2088a7,Buy,2.9372501514032994,5.626248054224932e-07
2022-02-04T10:30:00+00:00,0.22,0.78,0.34045468076573665,\x79527ec6333e11bff918db1732f048af510d5d4dbb1de9f714ff56ecbf015e6b,Buy,2.9372484988335046,0.0005622387491912006
2022-02-04T08:31:25+00:00,440.00066,1560.00234,681.2934324628156,\x268767a4d45a93eebebdec00cb4ad10aeed81c2bb2ba43cbc4efc7910ed7367f,Buy,2.9355970639114566,0.00045653252730736634
2022-02-03T19:17:40+00:00,0.22,0.78,0.34080179236567953,\x768204431d40010c9d2a6cb8ee6ac992e8c64bd9c0d5215387e52c2c65e49c48,Buy,2.934256868364713,-0.002525124503068058
2022-02-03T07:21:20+00:00,2.64,9.36,4.079320715693084,\x4c0388fa581c8e6faa9cb9d416c65dbf6ede3f4b885d9364344da9394edacf96,Buy,2.9416662322813165,3.6502125271828575e-06
2022-02-01T18:22:10+00:00,0.22,0.78,0.33994463384458473,\x32d3711ca9fc64bb2f9e866343920d2eb05184756b52d2b8dd02da4140caa5bc,Buy,2.941655494574385,5.615741498552346e-07
2022-02-01T18:09:00+00:00,0.22,0.78,0.33994482474881066,\x42ffad750845f6c6b3dd8180fe7a990d14bf4c86bddb86776a16de0563f8b1e3,Buy,2.9416538426167014,1.1231494005523414e-06
2022-02-01T18:06:20+00:00,0.66,2.34,1.019835619674197,\xf22c03a95c1451b82bd629fcb2d5ec0ca0450925620a7e7cef4285c9d29aa5fe,Buy,2.9416505386999514,8.367815352687052e-05
2022-02-01T07:08:30+00:00,64.9,230.1,100.29222820309849,\x3a19d02a5985d6454a09a7f333fc3184fc6c0305bb3fbd209e93ba51cb715418,Buy,2.9414043868145514,8.564750969587889e-05
2022-01-31T23:16:10+00:00,2.2,7.8,3.4000277531675316,\xbe4108b0575f6f5a8648c2e04de15981d82ffa99c49c88b229dadf42e3be8fdc,Buy,2.9411524628538124,4.072280490073761e-06
2022-01-31T17:43:20+00:00,0.99,3.51,1.5300187195907704,\x9e9da0ed89be5bf2c83a38fa18f417dac5deeb98357e57fe4c811f4ad1821253,Buy,2.9411404856560197,-0.0011134526659582755
2022-01-30T20:50:15+00:00,1.98,7.02,3.0566340218810186,\x21d7bf23e4d5495f700367c6aa568cf9040bbdd1011bccfbe743a0f9fdc4159b,Buy,2.9444153063707312,7.334197011819563e-05
2022-01-30T17:21:50+00:00,55.54956,196.94844,85.7611762555055,\x65b995cb8c82aaa1f1990caaa74c4183585e75b729c02f0c6741dd1449083904,Buy,2.944199357151316,7.110100855015025e-05
2022-01-30T16:19:10+00:00,0.22,0.78,0.33967506433799716,\xbb8295069a0d6a00a37fe1276a73d9d2d853981911416740474ed42bcb09796f,Buy,2.9439900216076493,2.338186214729342e-05
2022-01-29T21:14:10+00:00,45.32,160.68,69.9746993924024,\xf7ec7f81335703c9c47f671bce20355892c67988ae997139d2fb071622c3dcfe,Buy,2.9439211856388012,5.89078672406212e-05
2022-01-29T06:08:40+00:00,0.88,3.12,1.358812071758068,\x5730bba3b7fa955603226e0078dedb1cc6ab3122807788763bc1375390a39996,Buy,2.9437477655204307,1.4588078862845521e-05
2022-01-29T04:54:55+00:00,10.56,37.44,16.305982734058876,\xcf4807c02978f90000b3d2dbba8e6e346e7a836d3cd5fcf1f5232aec36588ab4,Buy,2.9437048218958752,5.2742990266057276e-05
2022-01-29T02:38:45+00:00,30.8,109.2,47.56162484998822,\xc5ddf83cb74d96780aaf0ef111a09095b1404ac2ff2184ca7a331c797f117ace,Buy,2.943549562101108,0.0002485248559415872
2022-01-28T21:14:40+00:00,165.35508,586.25892,255.40621122041478,\x5157b03d2c98d7b694b77d81a58dacea24db8643c42ee84c94993af296f883b4,Buy,2.9428180168702296,0.00035126983447878775
2022-01-28T20:56:45+00:00,110,390,169.96487508463673,\x316eb5e4ff61205dca13540a9c1802364d1ffd665c44408b8b768f425a6d6c9f,Buy,2.9417842936725425,0.00014178482425840586
2022-01-28T18:19:25+00:00,1.1,3.9,1.699889769418583,\x386b7fddc5a89ed6ac1d19adf2d5eeb0f4c9d10d97ccbe960c66e2be6a030cde,Buy,2.9413671933034577,5.756997346363954e-05
2022-01-28T13:50:35+00:00,44,156,67.99950550647087,\x53912394cdc1206f8504842abdb7bdfb772dd46fb2918b09f78186acbb0858ba,Buy,2.9411978588721928,5.644836285091056e-05
2022-01-28T11:59:40+00:00,0.22,0.78,0.34001672091959223,\xd7127406dd6a2f9bff7f7c12e403360be37e4db89888d67dfcae883087c84cac,Buy,2.9410318330682386,2.8086165214144365e-06
2022-01-27T20:05:55+00:00,1.98,7.02,3.060159083089689,\xe3647014f012879cf8d612642e9db054407f20004ff44031481ca7a4d6bc2b13,Buy,2.941023572837642,1.6570981234222983e-05
2022-01-27T19:48:00+00:00,11,39,17.001165520937523,\xef49ead6c4708884229eb92ea04bd8998cb911de6321a179b4d836ce77bccf7a,Buy,2.9409748371912072,4.213065702494629e-05
2022-01-27T19:39:15+00:00,22,78,34.00376364277864,\xcd6f1d66205724bbd5098e29d23c8800643ef0f2e635097498741d19f69bf09c,Buy,2.9408509319890226,3.089694069550995e-05
2022-01-27T19:33:30+00:00,2.2,7.8,3.400481428750904,\xe8fe23a42ac08349d005cb0b337ba6e16ebad370f4a88a545a1610962d0439a6,Buy,2.9407600686921826,7.303486280841546e-05
2022-01-27T19:31:50+00:00,55,195,85.01824501463345,\xd40090c2afc0cd9e3a70ff78d886663d9ac8490d079d233d7121f40ba80dfc91,Buy,2.9405452906840135,0.0002387972310976919
2022-01-27T18:18:00+00:00,132,468,204.0925247649219,\x0eeaa302ee2938c7d211c89c0a52a304ea59a6a276a4760452f1e543279f5e6e,Buy,2.9398430966106806,0.005776476819615109
2022-01-27T15:10:25+00:00,4378,15522,6808.397287144497,\x9cfb6c589cf626f76600657c35e677f0baffca842b45205ad460eb48e24ea312,Buy,2.9228611611098034,0.005625959459659449
2022-01-27T14:19:15+00:00,1.1,3.9,1.7203310977226516,\x57421f5f26798d2136ac4ca435cf7a0262f3c549a64d717469483937f28af758,Buy,2.9064172627111864,3.70551343861537e-06
2022-01-27T12:09:35+00:00,1.76,6.24,2.7525399559300396,\x1c416d34881769221fa6cb634266bc08276a888ec70c0f3d38905b122b173252,Buy,2.9064064929429616,1.0831582389434821e-05
2022-01-27T08:23:50+00:00,6.6,23.4,10.322136639811097,\x78918110224040c5ec6545b195ef5cf31677c9ec5f1499dcc2a24ae435c7a71a,Buy,2.906375011961576,8.76233358871057e-06
2022-01-26T22:39:30+00:00,1.44166,5.11134,2.2547184699514533,\x3240de8b72345930048a8cbdeb02a0a36b6013d1b65202b8c078707762729138,Buy,2.906349545334187,0.00014411679204293302
2022-01-26T20:24:20+00:00,109.78,389.22,171.71779129113412,\x9d23a2cf5b535adab2ba486601d9556a8ff0d22ce1f284ae7a43cefa7fd4e2b9,Buy,2.9059306915611582,0.00014254433112503498
2022-01-26T17:36:20+00:00,0.22,0.78,0.34417289013716973,\xe6a5861bb846f848a8ddbf6b54be9f3d1d0ea49e31c6e338d93c47462cf031f1,Buy,2.905516467614434,5.702990258430323e-07
2022-01-26T15:42:10+00:00,0.22,0.78,0.3441730864187456,\x79f4a6066b7238283a13d0f61fa80456a9938b806781f61641a6b5c7b1500ade,Buy,2.9055148106012227,5.702994314865608e-07
2022-01-26T15:37:45+00:00,0.22,0.78,0.34417328270057307,\x02c99edf3515eee19e20570e8046425f8b5abc7d90fb3fa176385b7f1394de9e,Buy,2.905513153587778,5.702998371233979e-07
2022-01-26T15:34:10+00:00,0.22,0.78,0.3441734789826521,\x9e584ae9149d9e9a7ca05eddc89fde2b7a163c792fbd74aedfa5b22ccf3c2420,Buy,2.9055114965741,5.703002427622611e-07
2022-01-26T15:31:00+00:00,0.22,0.78,0.34417367526498266,\x7a06f000fd3d284bfdc528cef36f32b91d8cad4cf7582fe63ee511fec0ee04cd,Buy,2.905509839560188,5.703006484060625e-07
2022-01-26T15:25:40+00:00,0.22,0.78,0.34417387154756474,\xced3f2e92fa898954a51ba6367aafd1e939259aca8db2e42f10676ce99e4f095,Buy,2.9055081825460425,5.703010540460702e-07
2022-01-26T15:09:40+00:00,0.22,0.78,0.3441740678303984,\xe1076cdfabd925e499282f41b3da60c6c8b5269ee867d4e9a89f8fdb876fc035,Buy,2.9055065255316634,5.703014596881077e-07
2022-01-26T15:04:50+00:00,0.22,0.78,0.3441742641134836,\x8dd4e93c8bc305ff432d3cf2d65c479c457c8af64dd9e9a3ebe2130c82a8d7dc,Buy,2.905504868517051,5.703018653292633e-07
2022-01-26T14:57:40+00:00,0.22,0.78,0.34417446039682037,\x065ea32f317edf7f0708d3a89bd404e53cc486a2c4599a5a0f4aa75d44ce720f,Buy,2.9055032115022046,5.703022709724486e-07
2022-01-26T14:54:05+00:00,0.22,0.78,0.3441746566804087,\x091ea12f7988b0758ebada4fcf51f07af34ea67a70d268b4a778fd48575288f3,Buy,2.9055015544871248,5.717284337125524e-07
2022-01-26T14:46:25+00:00,0.2211,0.7839,0.34589572772223337,\xa08e5f5ca86e55d82bc5ca7bfb528d704d5e5f90a65e1a8ffc23c57c35bbc63a,Buy,2.905499893329272,0.0002218737851435624
2022-01-26T14:02:45+00:00,170.94,606.06,267.4832086464676,\x2138a2ab2815675c572db45c3c0ee1dcbcd75fb45938cf94f5e56958f0f3c55d,Buy,2.904855239070205,0.00022703142276022428
2022-01-26T12:53:40+00:00,4.18,14.82,6.542258740115347,\x5ee1f01ec83935edb0e8d252a49ae1500a18fd6d450c35d72cce14df71e1d12f,Buy,2.904195745652366,1.426560506939714e-05
2022-01-26T12:03:45+00:00,6.82,24.18,10.674363904869084,\x4ae136c0e1a0537736bc91013bdd5987bad89d8d0ea5e0c530637690154dc5e1,Buy,2.9041543155428147,0.0001515133917852283
2022-01-26T10:59:30+00:00,110,390,172.19324933920288,\xf6727fb8e5264960c67da667cf04ce915b24d5e782ae9bf9ccb7579e3af3e785,Buy,2.9037142972721988,0.00015694912410305862
2022-01-26T10:54:55+00:00,11,39,17.222027916117,\x689060fa8340f752560228d0659f37285aea95dd71c58e9d372b5ef39b8c0ec4,Buy,2.9032585618565965,0.00044205982111120455
2022-01-26T10:39:05+00:00,329.65834,1168.78866,516.3541807332003,\x8b117e01db1f573560047722d5f04cfc2839ebf029e2f1d936161ae7979134ba,Buy,2.9019751478961027,0.0004353118386951217
2022-01-26T10:35:25+00:00,5.72,20.28,8.963316951806416,\xfa95dc021091aa0bbe4d89f6fbba782427ec3b16b992a9f289723d641d05adac,Buy,2.9007118837586243,0.0008458790865047439
2022-01-26T09:44:15+00:00,645.28046,2287.81254,1012.0192077339146,\x4a42fa0476ffcfea8c852070f9fee9e0535fc0619230f27abeae0b28bd1b4f94,Buy,2.898258232240177,0.0010623113154813449
2022-01-26T09:31:30+00:00,171.84772,609.27828,269.8022808086688,\xe2e58497bf87faf7ee68937a322cc711dcc5d1c349eb1189dfc2f1dfeb463922,Buy,2.8951793797248815,0.0003150217989765692
2022-01-26T09:27:15+00:00,70.12412,248.62188,110.13011691543367,\xf33feefdb15b2f4b1e2ef0c4d772da21593c816c856cc61e6766098e1f8a8cca,Buy,2.894267335108321,9.276166092765304e-05
2022-01-26T07:57:10+00:00,1.1,3.9,1.7277131903729657,\x932d4ff5f711fb4fb4c705f4042c9cd3f0a1ebf6dc373cc0fd3001f7a6519cf3,Buy,2.8939988580631475,0.0010369055410233414
2022-01-26T07:04:50+00:00,794.53506,2816.98794,1249.230518934167,\xa07050d71051ce74ea932209f8c35828f97d79276d73df43fc44e9e03f5319a4,Buy,2.8909980546115066,0.0024720878901754884
2022-01-26T06:00:15+00:00,1100,3900,1733.792612994917,\x5b153789c2bf34103af910a9b2f125686994e6a24fdd01e2f749f02fe876708e,Buy,2.8838512533301803,0.0014429177281385867
2022-01-26T04:36:00+00:00,3.3,11.7,5.208893844256621,\x45abc1fef70725cb90d276cff417b9a5b54db3d5cc7cb70374c3200a17bd7765,Buy,2.8796900932314355,1.585891318442289e-05
2022-01-26T04:30:40+00:00,8.8,31.2,13.89060387456525,\xf8311c75971e9719eef4afbd7f4f30930928f426ceaddb82aff58d9908619c60,Buy,2.879644424476249,0.0003864576995130944
2022-01-26T02:29:00+00:00,286,1014,451.619157624082,\xb641577ea61b8c066be73ce7577bf165ba4f7f1d78bc7b643a2226c82140e98b,Buy,2.8785315637165505,0.0003764407346614046
2022-01-26T02:02:30+00:00,1.1,3.9,1.7376508826674795,\xc1ec8503564a52fb234196cd1f5e39ba6855ea6c74ba336c7c363e2ba7ccdfa2,Buy,2.877447967179959,0.00012238338614266106
2022-01-26T01:58:20+00:00,92.18,326.82,145.63296702317308,\x1b44cf7a78ec822ffa36708ba46ef03510070c48c4065140dae94feeeee9d753,Buy,2.877095815354286,0.00013368244407833117
2022-01-26T01:49:55+00:00,9.70508,34.40892,15.334872693619923,\x15b38d0dc23ba2222ea9233935cbce5e4e742f162e787212b883efc5ecfeb53d,Buy,2.876711198153842,4.7846240521826355e-05
2022-01-26T01:36:30+00:00,26.7531,94.8519,42.274253563765015,\xa35d7272d7125d6a5d284f33534c29550c0e28f808cb984912e3cc5e5ac8ad39,Buy,2.876573558337943,3.906029126879704e-05
2022-01-26T01:28:30+00:00,3.00916,10.66884,4.755148446625063,\x83f476ae7d16463d9117372db40cb2672576c9187818b0932569f78455a9b704,Buy,2.8764611985368984,1.4055647717015909e-05
2022-01-26T01:26:15+00:00,7.7,27.3,12.167899908536125,\x43251c1d3a92d5b442109e99e7a7410434ed7d2bd4099e13686096d861b0c4e7,Buy,2.87642076801162,8.229688009836525e-05
2022-01-26T01:23:10+00:00,55,195,86.92072407966567,\xb29dc47760c146d91582d935930df1973f5be769e0a449c215656ce9bec3afdf,Buy,2.8761840475565625,7.277150728451696e-05
2022-01-26T00:52:20+00:00,0.44,1.56,0.695416399136881,\x2577691a47a75c47824d6c60d0925111bc79b1777565f08d851afebd18266bbe,Buy,2.8759747433081944,3.7544987779710224e-06
2022-01-26T00:52:15+00:00,2.42,8.58,3.824804555476875,\x320d3355a2719cd4b60489b0ac0d4fc032f1c9f4ca51300356e0ba9238760850,Buy,2.875963945464535,0.00020247472390615918
2022-01-26T00:14:40+00:00,151.8,538.2,239.9681459640134,\x4c747c123177d9851b744592cee08a6157bf489b0cb9c1053508a83a80bb45ce,Buy,2.875381635458713,0.0030345040478760425
2022-01-26T00:02:00+00:00,2156,7644,3418.6170397777078,\xc4b358b532a0178eeffc5f4e5b5390672443c0d82906754e07c43d86f548901a,Buy,2.866656278246725,0.0028667589908331864
2022-01-25T23:54:00+00:00,20.46704,72.56496,32.54644367170936,\xf8b7c4f5093ccbe2e22c5503b874361a0e15b25d44d1b625721c0080ae478762,Buy,2.858438265587433,9.832522532937773e-05
2022-01-25T23:35:45+00:00,53.86128,190.96272,85.65798943074329,\x4571ed7012510afa05eac764917802ff6e2e6289d48ca5d882ead9dd3cc9494a,Buy,2.858157209000879,0.00021679611496248157
2022-01-25T23:32:25+00:00,110,390,174.9758270776424,\x4e45a0717c36c1da4f147e490b09762afb2581f98ab5dba359e2ee4cb0e1b6b8,Buy,2.8575375716220157,0.15871998375026247
2022-01-25T22:42:30+00:00,109956.44,389845.56,207905.25541046244,\xb1310c1cd378a78c6bb494eb2d6aff31eb7f196324d5f1c64f02cc648f809d7c,Buy,2.4039892546884047,0.17218454676747416
2022-01-25T22:27:35+00:00,11,39,25.12487749476326,\xe164e36ebcea5de9d150df130903ebd999abc28a917d4511c0c03abf80535358,Buy,1.9900594544360037,9.143244617044246e-05
2022-01-25T22:19:55+00:00,33,117,75.38152480149844,\x58334c774c9ec115fff4b68ef40a771a634862eb6caec112e7263df41d698225,Buy,1.98987749843206,0.0001668838013602163
2022-01-25T21:57:20+00:00,47.3,167.7,108.06488649453286,\x551f7ed9904db22e2a20824525c7e10b29b5480ec23b7b15256f777f47ee0eaf,Buy,1.9895454201108804,0.00029955188019250423
2022-01-25T21:25:25+00:00,96.8,343.2,221.22231433971012,\xb172e6f05d06bf2adbb80566cdfe377e9cfdc63718704a2182736f861856842a,Buy,1.988949448039558,0.00022369278340781198
2022-01-25T21:12:00+00:00,10.78,38.22,24.64163352524051,\xb100dad5109e67ce03d43c6b451ed19e0131d69658090a8120c1cccd17cc5ee1,Buy,1.9885045344014685,6.818284253885777e-05
2022-01-25T20:57:55+00:00,22,78,50.292477094741564,\x601cb77e754b153604507546005d3c7e23881d9b3be1a1132b73536b8ca5902e,Buy,1.9883689525099115,0.000529673745813002
2022-01-25T20:52:55+00:00,232.57344,824.57856,531.9496872400268,\x9181cb79328bcdf31de3f05c5962e839723248e7dc3229c0e19517e69285a005,Buy,1.9873157656787774,0.0009375636362213445
2022-01-25T20:50:35+00:00,217.8,772.2,498.62687961587494,\x8594a38615deb81b2beb6172ae81980b93d2d5affbd3e8138673acd51be8979d,Buy,1.9854525306831876,0.0004542946648646859
2022-01-25T20:45:35+00:00,0.22,0.78,0.5038924304063093,\xa5cb8050d413fa7ccb99f9f25d447f2fc3e888ebc3b9451a8be371c2dd49e159,Buy,1.9845505501911562,1.8808042255527545e-06
2022-01-25T20:39:40+00:00,0.682,2.418,1.5620694722064228,\x1dc572f8241e756b8fca5e604860846196e4cb60103abfaf457d1e809c8d283f,Buy,1.9845468176400956,0.00016657979467938616
2022-01-25T19:47:55+00:00,79.2,280.8,181.43183900568735,\xda253d44aa721318062a27636add16291e64b0a943be1e7c6de5e1e932459460,Buy,1.9842162322386814,0.000624124099381893
2022-01-25T19:42:00+00:00,220,780,504.2920714062456,\xc105ba22c284596466e208e2edc6fdfce85c046d12b592fc36f75b35966c4931,Buy,1.9829778350697564,0.00048255478818518346
2022-01-25T19:34:35+00:00,11.22,39.78,25.73131240972813,\x2d04e46127c6397bc5ee64bb015f36572750976e135920cb14c5dad00821662a,Buy,1.9820209396205786,0.0002550297646976241
2022-01-25T19:13:45+00:00,110.88,393.12,254.35077789164376,\xdac53e9f8835318cb9099924c3bf85b4c17838a1b7b4f992fc7f141a9a58dc84,Buy,1.9815154652867213,0.00027759403121943734
2022-01-25T18:59:05+00:00,22,78,50.480437252924716,\x31ddf310d5ddcede0841dd0c775f1397e00030cddf40e4acc66b7fa646215092,Buy,1.9809654084207886,0.0002758892955213627
2022-01-25T18:23:05+00:00,110,390,252.47184054284992,\xa30090dc2ecc0222cbcae546298e1aee30c2baa34f3895d9224d96ece2f1650f,Buy,1.9804188812698074,0.0006900079162747747
2022-01-25T18:17:45+00:00,220,780,505.2923367981235,\x968367319430c008e0ac8b1c9778326a4e13b0147fca87522b85e82c0bd506c2,Buy,1.9790523765641912,0.0004902802200283901
2022-01-25T17:56:15+00:00,14.34114,50.84586,32.95464857121173,\x35b9d09b53f0ab6244fae591fde3667cebcea83f9cf54945636ec5a958c1548c,Buy,1.9780820863295614,0.00030642775782066973
2022-01-25T17:46:45+00:00,132,468,303.41709131212934,\x147ceb52274a4334c50b93e99d10ac717cb71e71b296400041dbfc0130010673,Buy,1.9774759470710623,0.003045141380435514
2022-01-25T17:21:15+00:00,1320,4680,3043.43861398355,\xacf652ec9c4165b860e4f14ea17ddae7bc87e85e13b0ee28a70b3fefdb42bca1,Buy,1.9714542532358204,0.0028644702845600344
2022-01-25T17:02:35+00:00,43.34,153.66,100.21329249091805,\xeb2ebfdac5bd6732e0adcb4806fffd4cfc9932776415430cae8dda172ea304c1,Buy,1.9658070811100568,0.0021588201276824107
2022-01-25T16:56:00+00:00,978.78,3470.22,2268.088976296319,\xbc5345e001076da009fd0de35e8235897955ae0b1597135c2b002299f631c6b4,Buy,1.9615632572162158,0.002074353553120052
2022-01-25T16:31:50+00:00,2.2,7.8,5.108571756499343,\xb912a8279c5b95c1651b4a1e01d3767623b98a42d1cdc80b07e451b421dea7fb,Buy,1.9574942815039396,9.753504679988806e-05
2022-01-25T16:05:25+00:00,43.78,155.22,101.6704943907655,\xc391311297888a4c66017ebb0ccdee764cda885256219f06a36e5ef2ebdda7ef,Buy,1.9573033572075826,0.00018625031962699366
2022-01-25T16:04:15+00:00,44.01342,156.04758,102.23160739473383,\x56cf47f3f27073f73a1b8eb885dbbb9e6cb0e7283a2a414259ceaf06b2e9a825,Buy,1.9569388088316957,0.00014007415964889023
2022-01-25T15:51:45+00:00,22,78,51.107376953715665,\xc29a16b960b56d7dd60bc5157aaf8324fb05a4c6eff6b96ea1ae02abf7f7c2dc,Buy,1.9566646922725643,0.0020723050678854707
2022-01-25T15:49:30+00:00,953.48,3380.52,2219.5933918085266,\x429fd480df9122792835646966fcb86b396164afe5038d9b703aa013fc3296c4,Buy,1.9526098861146153,0.002047170769711018
2022-01-25T15:30:05+00:00,9.11966,32.33334,21.273084678815536,\x382b4c5e7c70388208aedcc716d60ad1fd82d209381c4607948f0879e1407c4c,Buy,1.9486125602311126,0.00030483539684623024
2022-01-25T15:29:45+00:00,133.76,474.24,312.11201695453803,\x8f7bb3b01a8ce4edbe7b47c0e88241a0997a4f885de704ccee12dc8e140a443a,Buy,1.948018554148015,0.0006611134907200403
2022-01-25T15:28:10+00:00,176,624,410.94538805912407,\x31dd040e337ba4415643f46fe9bf9226d90db9349dc9e3e0ab19e76de56b820f,Buy,1.946730692801695,0.000399359877137559
2022-01-25T15:25:55+00:00,11,39,25.694348045373786,\x7c016e8ae9d8aa2a7f34c9d58551c91fd273200d8eb8ac7ed5ec1c0aa2a338fe,Buy,1.9459532466713978,4.91492009498677e-05
2022-01-25T15:16:20+00:00,12.00056,42.54744,28.032883737417,\x9e45c4270ad6e3ccba79d74ec35d8d5a374f2ae981a74dbb1d41088be6dab414,Buy,1.945857604624238,0.00016008849586018664
2022-01-25T15:10:30+00:00,62.90812,223.03788,146.97467240916407,\x9c7171871d052eb16fce5e29da9b04fe89a1ed891fdec8f8af1e608747f31091,Buy,1.9455460952071555,0.00033119074229597835
2022-01-25T15:03:45+00:00,92.03128,326.29272,215.0874718244898,\x230112c5586d70eaee536c834f329b0efcdd306897a9908883d665649cbb045b,Buy,1.9449017483517128,0.00024429677443668873
2022-01-25T14:59:30+00:00,22.22,78.78,51.94333343012359,\xda6b99436ec9b0e2f2eab145ddcce37df8407475250323eca42a633b61d96907,Buy,1.9444266151279943,0.00025819954018411334
2022-01-25T14:58:20+00:00,98.48212,349.16388,230.27951189241222,\x12c80a10942e07cf459fb6fd9783695be50ac13f2c0b3060456eea0e667c105c,Buy,1.9439245650700465,0.0002626904870264343
2022-01-25T14:56:45+00:00,24.2946,86.1354,56.822686701769854,\xfa9e15d1eaa4cc04e531a3f03dd2fc26034ec2ef792d885439a7e7996de719bf,Buy,1.9434139145793057,0.0003377118873412376
2022-01-25T14:54:05+00:00,133.46938,473.20962,312.27724952055564,\x61d8be3c032f3b68b9bbd67f82828a1ed3e71382bbc76763380d6aed25f64991,Buy,1.9427576005983278,0.0003802537339311315
2022-01-25T14:53:20+00:00,44.12078,156.42822,103.26830709775145,\x62bc1320f0111a24943e635c32872d91ad5867fe3fc45083d85b8ae89aab6f45,Buy,1.9420188597665773,0.0005717462808115872
2022-01-25T14:49:50+00:00,222.71194,789.61506,521.5737840113995,\x85597c85e8431b6cfdb53bc5ead22fe460a599bd69b8f7aea83babcf14c6017d,Buy,1.9409085177062397,0.0004868229476635793
2022-01-25T14:39:20+00:00,4.4,15.6,10.30947157923806,\x941a501e0c5c85a7220801a91a2c3cf109e6496ae1995cb76db3d18292696b3a,Buy,1.9399636389005046,1.887680583222424e-05
2022-01-25T14:34:50+00:00,4.4,15.6,10.309666192804977,\x20057d46e838a04864a69495837782df3f168be08dda87760accd6f0d7ef26f9,Buy,1.9399270185835715,0.00010382927032727589
2022-01-25T14:27:00+00:00,44,156,103.1073674907817,\x1bddc6fda00df118ce153215e9cf59b50d945e1d93352cd72b3d8705c4cbc4a8,Buy,1.9397255973767438,0.0002360066963037999
2022-01-25T14:24:20+00:00,66,234,154.697560896446,\xb6993a1f36c7fa063a430ac94644cf5bced896770a4b952283d9cd3eb829fd7a,Buy,1.939267809146771,0.00075561267690609
2022-01-25T14:18:45+00:00,286,1014,670.8630098126143,\x7b268b4d5fd89219ab0d3bea0b0da42bf15e51f749591da3ec5e6102d3159d5e,Buy,1.9378024738062638,0.0007146833265669368
2022-01-25T14:12:30+00:00,46.74406,165.72894,109.72478484648371,\xd90860089b83b67b341fbc5268737c01d4414d5910281272f39171085d8c60d2,Buy,1.9364175586880543,0.00010623041257979944
2022-01-25T14:11:00+00:00,2.66684,9.45516,6.260678543983593,\x9b73749e857e8565fb330589169319e58848c924323b8a50e5d05e9fae16cade,Buy,1.936211852251868,7.812106301932554e-06
2022-01-25T14:08:50+00:00,0.96624,3.42576,2.2683645417885763,\xd7b5bf4f0b429d8f7f82ed7951f4955e990f48378f92cf659c56d6564a7208c9,Buy,1.9361967263590552,6.808355401899437e-06
2022-01-25T14:07:30+00:00,2.2,7.8,5.164799603200605,\x6ff3a99aee51ee3f94c24853571b4db3393ac7140da3311e42f7b35b71e18bd0,Buy,1.9361835440436141,9.934893319554367e-05
2022-01-25T13:59:35+00:00,44,156,103.30625543028152,\xe47dcf2f92eccb379b26d6798556026e4442835091bfae0851a3961726676a65,Buy,1.9359911862740427,0.0009466334775427444
2022-01-25T13:55:35+00:00,396,1404,930.637271268966,\xa04444f89e619cc5ae8f2def3583a52f2fedf1273c69ba184e15a43b631fe58d,Buy,1.934158512204888,0.0008761423525221851
2022-01-25T13:51:25+00:00,11,39,25.87370436123435,\xf2a0efc09217a5f1b679f39dc9333415d8c1a9fef53a73aec52dd2e2ed3198e5,Buy,1.932463914015854,0.00011855598255203456
2022-01-25T13:32:45+00:00,44,156,103.50708882955468,\xc6967c3568288553363d93d3bc4d3aa4bd02ebbd8bbb117defb39bdebb4e65b5,Buy,1.9322348088577814,0.0001303170198835464
2022-01-25T13:24:40+00:00,16.45006,58.32294,38.702721388574204,\xc7851e128a49f5846d5fdcafadd9e82b62b0478705ecdc5b0020427ba6b2dcbd,Buy,1.9319830057757759,3.962421320821116e-05
2022-01-25T13:20:30+00:00,1.92742,6.83358,4.534898669033506,\xf90b57e6c8286e5eb7b9abe2576cf360225d6158f79e3f52b4a8fe84924fb82d,Buy,1.9319064524692404,6.858157600475717e-05
2022-01-25T13:19:45+00:00,29.87754,105.92946,70.30170344081803,\x7c3684860506ff6d8a6970833307004b4551d6bb559c7373f50b584e14f5bb1f,Buy,1.9317739592800363,0.0006812242779691765
2022-01-25T13:13:30+00:00,285.93356,1013.76444,673.2588888784027,\xeeade28e629826e267611c1d71b78880095a60a0ddad789694a19b84ea4ed6d6,Buy,1.9304579879594261,0.0010920295880449422
2022-01-25T13:06:25+00:00,220,780,518.5780937292312,\x5180a1769c2419ef2df050ef813c82f60bc556933b9e2e55d0c5215b4fc09174,Buy,1.9283498707180966,0.0004782628614805056
2022-01-25T13:06:25+00:00,1.32,4.68,3.112957374276876,\x9b7f4f743727058e3c6cfa26d3a733b57af1dbb92def32a7d7024fff4e94cbbd,Buy,1.9274276125909915,4.329327054400051e-06
2022-01-25T13:00:00+00:00,0.682,2.418,1.608368273195331,\x571bfb47c411cd49a19a4b785e9965245efefcda9bc3e8ea4df789b1595bc80b,Buy,1.927419268126483,4.096310546509022e-05
2022-01-25T12:50:50+00:00,18.26,64.74,43.06452750039873,\x11f6ea89187432836b39a238f0bde325df924ea4db1e18c5472073372c0334a0,Buy,1.9273403150477273,0.0005153836765015743
2022-01-25T12:40:35+00:00,220,780,519.117273489413,\xdf733cc9517df2153abb556a3fb5af491425468a09564ec74874e886abaf44bc,Buy,1.9263469953102883,0.0004784069107833067
2022-01-25T12:38:35+00:00,1.1,3.9,2.5968287082472115,\x52442b5fde3ff80b2f898da3c06a5295c649f871a3a626c1d8c6bcf9500c2c22,Buy,1.925425417595165,7.431591842992159e-05
2022-01-25T12:26:10+00:00,33.22,117.78,78.43005559067952,\xbcb0d8895d386622ebf60afd7f4e5e2db8fe186c8c644e26d32efc734de81462,Buy,1.9252823278368882,0.0005056355733425062
2022-01-25T12:25:30+00:00,200.22904,709.90296,472.9656605467586,\x1f914cc42b22cd4d2f0b205b2783805eb32384003f778c677a2973571b8d64a5,Buy,1.9243088366032062,0.0005481880426007303
2022-01-25T12:20:00+00:00,52.76986,187.09314,124.71727904804423,\x18022c1ca543ab0f41618f554c29ab39c95f85e234eb828525c7ac3b19e909eb,Buy,1.9232539535087094,0.0003052593493939444
2022-01-25T11:57:25+00:00,88,312,208.04436163746342,\xba3b46252589332a0000d1b3a15e2ba9922743a003f17830ad792c0022e2733f,Buy,1.922666862258142,0.0012928635316702397
2022-01-25T11:36:45+00:00,507.71578,1800.08322,1201.8652721367678,\x32f09486a2732624e011324b2087c2b79e2372286409da9e378389a92fce9601,Buy,1.9201811163883775,0.0024443972225152593
2022-01-25T11:05:55+00:00,616.902,2187.198,1463.9093708565815,\xfffe27ad0a1c72b5640415f313dd293c97eba8f5919918e8d7f7fa48045087fe,Buy,1.9154874310007517,0.0027838448597164445
2022-01-25T10:54:40+00:00,660,2340,1570.5531658264983,\xf809aaf67a53a7751c8bd6fc65816ab57bcd424e96225f5ef466f5f1855469b6,Buy,1.9101550111621086,0.0014462109908310245
2022-01-25T10:25:45+00:00,1.54,5.46,3.6699315489368325,\xf6b8579301607ee8aa38803a6770a5fd68b2d041b22fee7b1550e2f012383e61,Buy,1.9073925239907752,0.0008703686550591351
2022-01-25T10:06:05+00:00,395.56,1402.44,943.469298245407,\x8b656d6b2723fb0aef48b2cb96c4ba40578d2b07823cf871776c11967a92d9fd,Buy,1.9057323893249993,0.0008915034380678524
2022-01-25T10:05:35+00:00,0.022,0.078,0.052521357534268134,\xa389c8f2dcbc9af6b237b8470af3c9b83b5a153ad8a8ec995b3d5f730bf3728a,Buy,1.9039873433346408,0.0002027710675109556
2022-01-25T10:05:35+00:00,11,39,26.260043239337993,\xbed7e40430374499da52a0d18baa90392bcbc5cccbd3c82d45e0d3f657644f24,Buy,1.904033422347879,2.4200737601163624e-05
2022-01-25T10:00:55+00:00,92.31552,327.30048,220.43271700833668,\xbdcaa73ae81a3c2b8ddf1c2076554f66ad22a9f38cc55e0862f6e2f093726363,Buy,1.9036012697885054,0.00022320750482263924
2022-01-25T10:00:50+00:00,9.317,33.033,22.252272900065293,\xa0baf0dd9b9294118ab299143b38fd94c318000d7c0e08aa798c04deed15245d,Buy,1.9031763716988988,0.0004087134057386585
2022-01-25T09:59:40+00:00,176.68706,626.43594,422.1633860624301,\x6098818616b2eb470b64cec1acbf8ba4aff2a68be2149a9f71935edc71b8da7a,Buy,1.9023985180023004,0.0005769557309866832
2022-01-25T09:57:00+00:00,85.8,304.2,205.12271163993043,\xfbfc15f10c5f9a52556d6c7cc446924b3e1d0e4ba82a71c02613043f7d31cee8,Buy,1.9013009182747185,0.008971550352810722
2022-01-25T09:56:10+00:00,3975.18,14093.82,9589.525931735387,\x7bac737730b55a62d2be15672617fe4cb0ade9e173a7bd4439a2a1f1956fed8b,Buy,1.8842433013505715,0.008876354328763833
2022-01-25T09:54:00+00:00,23.88826,84.69474,58.14294414162144,\x8b9e2dfc3ed5b0c274e34151cad6bb9850cce3dfc710c3f9aa4a68396a98ee27,Buy,1.867518090166184,0.00967582635925739
2022-01-25T09:52:25+00:00,4257.088,15093.312,10462.795797870482,\x1d0e8bd33e2c0425e4ca16e47a88692d5b58b303a34289a5da81a479b878e28a,Buy,1.8494483094029641,0.009920039191004985
2022-01-25T09:51:55+00:00,110,390,273.0596543892236,\x3f6185cfddcc577fa816c9751574144f112b5de4a6d5809f122b671ef7de2fc4,Buy,1.8311017096919489,0.0077752584737510715
2022-01-25T09:46:40+00:00,3250.33962,11523.93138,8131.741054767892,\x6ff5fe7faa922c2c9088ce0a37f4e5823acc1f78829e2b1e59b88fbbefa0a992,Buy,1.8168644206073663,0.007603212542498336
2022-01-25T09:40:50+00:00,22,78,55.46156624867915,\xc4ea8b9017b2fd36133ddfb8c44737038533211b8e4d9e189e270ff68de2f17b,Buy,1.8030504142565855,0.0001551130903258816
2022-01-25T09:35:55+00:00,44,156,110.94034079646104,\xf6ea00516c4a6988c93a7b083524eb39b6467a73b5a7b8f7bea30c63dc2ed841,Buy,1.8027707375348168,0.00010859344798895657
2022-01-25T09:28:00+00:00,2.2,7.8,5.547619474949967,\xb43f3b632f2d77f16058762faf0a4ca5ffc084c8faeceadd8d62c7de05fe0cef,Buy,1.8025749684444943,1.0343889070305895e-05
2022-01-25T09:25:35+00:00,2.2,7.8,5.5476768595040005,\xb97f34dec2694d1a519cd8931eccfad85515b3e3bd5d66c35003289878177ddf,Buy,1.8025563228089798,9.933443131650476e-05
2022-01-25T09:22:40+00:00,40.05166,142.00134,101.00715501863085,\x44fd219e71450da75b44be26d56dabcbc1ab9c307bf66c489762e84cc7822db6,Buy,1.8023772669017375,0.0008703824349473034
2022-01-25T09:22:35+00:00,330,1170,832.9591914857209,\x46b24cd3e9252dd13563408d7b18f805929d129d46427d0ab8d7b0fd79c002b5,Buy,1.800808509387478,0.0015926541055467556
2022-01-25T09:22:25+00:00,346.5,1228.5,876.002319751027,\xca0874870255c20929781264398569396f91b092f7988f02d5d14c79323be49b,Buy,1.7979404443216984,0.0008179663647701152
2022-01-25T09:22:25+00:00,0.396,1.404,1.0019650820226567,\x01d4e56d036d142ee2c0ca356e9cca8350b3c8d4ebef865a126b9eeb7fd03eba,Buy,1.7964697895123836,1.4542831853233738e-06
2022-01-25T09:22:20+00:00,0.22,0.78,0.5566480773143038,\x6ca889ee4574d58376fc220c47991db504974ab12ffa7e9ea123b6b3f6c68641,Buy,1.7964671769365756,0.14916270354914457
2022-01-25T09:20:50+00:00,58300,206700,173372.44277327094,\x66b8058b442f4bc8ac26436a85525e1ec66942c7ed0484e91924ed86856137b8,Buy,1.5285012759874166,
